Image_ID,note_id,keyword,note_url,title_text,raw_text,text_source,publish_time_resolved,relative_image_path,image_path
GRP-XHS-686b887200000000120334f2-01,686b887200000000120334f2,#机能风穿搭,,一直很火的机能风穿搭，怎样加入个人特色让,一直很火的机能风穿搭，怎样加入个人特色让,search_title,2025-07-07,xiaohongshu_images\机能风穿搭\686b887200000000120334f2\image_01.jpg,E:\code\Project\Dataset\xiaohongshu_images\xiaohongshu_images\机能风穿搭\686b887200000000120334f2\image_01.jpg
GRP-XHS-6820362200000000220241ba-01,6820362200000000220241ba,#机能风穿搭,,机能风穿搭(･_･)/,机能风穿搭(･_･)/,search_title,2025-05-12,xiaohongshu_images\机能风穿搭\6820362200000000220241ba\image_01.jpg,E:\code\Project\Dataset\xiaohongshu_images\xiaohongshu_images\机能风穿搭\6820362200000000220241ba\image_01.jpg
GRP-XHS-6820362200000000220241ba-02,6820362200000000220241ba,#机能风穿搭,,机能风穿搭(･_･)/,机能风穿搭(･_･)/,search_title,2025-05-12,xiaohongshu_images\机能风穿搭\6820362200000000220241ba\image_02.jpg,E:\code\Project\Dataset\xiaohongshu_images\xiaohongshu_images\机能风穿搭\6820362200000000220241ba\image_02.jpg
GRP-XHS-6820362200000000220241ba-03,6820362200000000220241ba,#机能风穿搭,,机能风穿搭(･_･)/,机能风穿搭(･_･)/,search_title,2025-05-12,xiaohongshu_images\机能风穿搭\6820362200000000220241ba\image_03.jpg,E:\code\Project\Dataset\xiaohongshu_images\xiaohongshu_images\机能风穿搭\6820362200000000220241ba\image_03.jpg
GRP-XHS-6820362200000000220241ba-04,6820362200000000220241ba,#机能风穿搭,,机能风穿搭(･_･)/,机能风穿搭(･_･)/,search_title,2025-05-12,xiaohongshu_images\机能风穿搭\6820362200000000220241ba\image_04.jpg,E:\code\Project\Dataset\xiaohongshu_images\xiaohongshu_images\机能风穿搭\6820362200000000220241ba\image_04.jpg
GRP-XHS-694be601000000001f00792e-01,694be601000000001f00792e,#机能风穿搭,,我永远喜欢机能风,我永远喜欢机能风,search_title,2025-12-24,xiaohongshu_images\机能风穿搭\694be601000000001f00792e\image_01.jpg,E:\code\Project\Dataset\xiaohongshu_images\xiaohongshu_images\机能风穿搭\694be601000000001f00792e\image_01.jpg
GRP-XHS-694be601000000001f00792e-02,694be601000000001f00792e,#机能风穿搭,,我永远喜欢机能风,我永远喜欢机能风,search_title,2025-12-24,xiaohongshu_images\机能风穿搭\694be601000000001f00792e\image_02.jpg,E:\code\Project\Dataset\xiaohongshu_images\xiaohongshu_images\机能风穿搭\694be601000000001f00792e\image_02.jpg
GRP-XHS-694be601000000001f00792e-03,694be601000000001f00792e,#机能风穿搭,,我永远喜欢机能风,我永远喜欢机能风,search_title,2025-12-24,xiaohongshu_images\机能风穿搭\694be601000000001f00792e\image_03.jpg,E:\code\Project\Dataset\xiaohongshu_images\xiaohongshu_images\机能风穿搭\694be601000000001f00792e\image_03.jpg
GRP-XHS-6912a29c0000000007039856-01,6912a29c0000000007039856,#机能风穿搭,,男生们别再局限于普通穿搭啦！,男生们别再局限于普通穿搭啦！,search_title,2025-11-11,xiaohongshu_images\机能风穿搭\6912a29c0000000007039856\image_01.jpg,E:\code\Project\Dataset\xiaohongshu_images\xiaohongshu_images\机能风穿搭\6912a29c0000000007039856\image_01.jpg
GRP-XHS-6912a29c0000000007039856-02,6912a29c0000000007039856,#机能风穿搭,,男生们别再局限于普通穿搭啦！,男生们别再局限于普通穿搭啦！,search_title,2025-11-11,xiaohongshu_images\机能风穿搭\6912a29c0000000007039856\image_02.jpg,E:\code\Project\Dataset\xiaohongshu_images\xiaohongshu_images\机能风穿搭\6912a29c0000000007039856\image_02.jpg
GRP-XHS-6912a29c0000000007039856-03,6912a29c0000000007039856,#机能风穿搭,,男生们别再局限于普通穿搭啦！,男生们别再局限于普通穿搭啦！,search_title,2025-11-11,xiaohongshu_images\机能风穿搭\6912a29c0000000007039856\image_03.jpg,E:\code\Project\Dataset\xiaohongshu_images\xiaohongshu_images\机能风穿搭\6912a29c0000000007039856\image_03.jpg
GRP-XHS-69b4ec21000000002200ed5b-01,69b4ec21000000002200ed5b,#机能风穿搭,,机能风还能再战500年,机能风还能再战500年,search_title,2026-03-14,xiaohongshu_images\机能风穿搭\69b4ec21000000002200ed5b\image_01.jpg,E:\code\Project\Dataset\xiaohongshu_images\xiaohongshu_images\机能风穿搭\69b4ec21000000002200ed5b\image_01.jpg
GRP-XHS-69b4ec21000000002200ed5b-02,69b4ec21000000002200ed5b,#机能风穿搭,,机能风还能再战500年,机能风还能再战500年,search_title,2026-03-14,xiaohongshu_images\机能风穿搭\69b4ec21000000002200ed5b\image_02.jpg,E:\code\Project\Dataset\xiaohongshu_images\xiaohongshu_images\机能风穿搭\69b4ec21000000002200ed5b\image_02.jpg
GRP-XHS-69b4ec21000000002200ed5b-03,69b4ec21000000002200ed5b,#机能风穿搭,,机能风还能再战500年,机能风还能再战500年,search_title,2026-03-14,xiaohongshu_images\机能风穿搭\69b4ec21000000002200ed5b\image_03.jpg,E:\code\Project\Dataset\xiaohongshu_images\xiaohongshu_images\机能风穿搭\69b4ec21000000002200ed5b\image_03.jpg
GRP-XHS-69b4ec21000000002200ed5b-04,69b4ec21000000002200ed5b,#机能风穿搭,,机能风还能再战500年,机能风还能再战500年,search_title,2026-03-14,xiaohongshu_images\机能风穿搭\69b4ec21000000002200ed5b\image_04.jpg,E:\code\Project\Dataset\xiaohongshu_images\xiaohongshu_images\机能风穿搭\69b4ec21000000002200ed5b\image_04.jpg
GRP-XHS-69b4ec21000000002200ed5b-05,69b4ec21000000002200ed5b,#机能风穿搭,,机能风还能再战500年,机能风还能再战500年,search_title,2026-03-14,xiaohongshu_images\机能风穿搭\69b4ec21000000002200ed5b\image_05.jpg,E:\code\Project\Dataset\xiaohongshu_images\xiaohongshu_images\机能风穿搭\69b4ec21000000002200ed5b\image_05.jpg
GRP-XHS-69b4ec21000000002200ed5b-06,69b4ec21000000002200ed5b,#机能风穿搭,,机能风还能再战500年,机能风还能再战500年,search_title,2026-03-14,xiaohongshu_images\机能风穿搭\69b4ec21000000002200ed5b\image_06.jpg,E:\code\Project\Dataset\xiaohongshu_images\xiaohongshu_images\机能风穿搭\69b4ec21000000002200ed5b\image_06.jpg
GRP-XHS-69b4ec21000000002200ed5b-07,69b4ec21000000002200ed5b,#机能风穿搭,,机能风还能再战500年,机能风还能再战500年,search_title,2026-03-14,xiaohongshu_images\机能风穿搭\69b4ec21000000002200ed5b\image_07.jpg,E:\code\Project\Dataset\xiaohongshu_images\xiaohongshu_images\机能风穿搭\69b4ec21000000002200ed5b\image_07.jpg
GRP-XHS-69b4ec21000000002200ed5b-08,69b4ec21000000002200ed5b,#机能风穿搭,,机能风还能再战500年,机能风还能再战500年,search_title,2026-03-14,xiaohongshu_images\机能风穿搭\69b4ec21000000002200ed5b\image_08.jpg,E:\code\Project\Dataset\xiaohongshu_images\xiaohongshu_images\机能风穿搭\69b4ec21000000002200ed5b\image_08.jpg
GRP-XHS-68b41359000000001c00e570-01,68b41359000000001c00e570,#机能风穿搭,,就以机能风拽酷入秋🎱,就以机能风拽酷入秋🎱,search_title,2025-09-10,xiaohongshu_images\机能风穿搭\68b41359000000001c00e570\image_01.jpg,E:\code\Project\Dataset\xiaohongshu_images\xiaohongshu_images\机能风穿搭\68b41359000000001c00e570\image_01.jpg
GRP-XHS-68b41359000000001c00e570-02,68b41359000000001c00e570,#机能风穿搭,,就以机能风拽酷入秋🎱,就以机能风拽酷入秋🎱,search_title,2025-09-10,xiaohongshu_images\机能风穿搭\68b41359000000001c00e570\image_02.jpg,E:\code\Project\Dataset\xiaohongshu_images\xiaohongshu_images\机能风穿搭\68b41359000000001c00e570\image_02.jpg
GRP-XHS-68b41359000000001c00e570-03,68b41359000000001c00e570,#机能风穿搭,,就以机能风拽酷入秋🎱,就以机能风拽酷入秋🎱,search_title,2025-09-10,xiaohongshu_images\机能风穿搭\68b41359000000001c00e570\image_03.jpg,E:\code\Project\Dataset\xiaohongshu_images\xiaohongshu_images\机能风穿搭\68b41359000000001c00e570\image_03.jpg
GRP-XHS-68b41359000000001c00e570-04,68b41359000000001c00e570,#机能风穿搭,,就以机能风拽酷入秋🎱,就以机能风拽酷入秋🎱,search_title,2025-09-10,xiaohongshu_images\机能风穿搭\68b41359000000001c00e570\image_04.jpg,E:\code\Project\Dataset\xiaohongshu_images\xiaohongshu_images\机能风穿搭\68b41359000000001c00e570\image_04.jpg
GRP-XHS-68b41359000000001c00e570-05,68b41359000000001c00e570,#机能风穿搭,,就以机能风拽酷入秋🎱,就以机能风拽酷入秋🎱,search_title,2025-09-10,xiaohongshu_images\机能风穿搭\68b41359000000001c00e570\image_05.jpg,E:\code\Project\Dataset\xiaohongshu_images\xiaohongshu_images\机能风穿搭\68b41359000000001c00e570\image_05.jpg
GRP-XHS-68b41359000000001c00e570-06,68b41359000000001c00e570,#机能风穿搭,,就以机能风拽酷入秋🎱,就以机能风拽酷入秋🎱,search_title,2025-09-10,xiaohongshu_images\机能风穿搭\68b41359000000001c00e570\image_06.jpg,E:\code\Project\Dataset\xiaohongshu_images\xiaohongshu_images\机能风穿搭\68b41359000000001c00e570\image_06.jpg
GRP-XHS-68b41359000000001c00e570-07,68b41359000000001c00e570,#机能风穿搭,,就以机能风拽酷入秋🎱,就以机能风拽酷入秋🎱,search_title,2025-09-10,xiaohongshu_images\机能风穿搭\68b41359000000001c00e570\image_07.jpg,E:\code\Project\Dataset\xiaohongshu_images\xiaohongshu_images\机能风穿搭\68b41359000000001c00e570\image_07.jpg
GRP-XHS-68b41359000000001c00e570-08,68b41359000000001c00e570,#机能风穿搭,,就以机能风拽酷入秋🎱,就以机能风拽酷入秋🎱,search_title,2025-09-10,xiaohongshu_images\机能风穿搭\68b41359000000001c00e570\image_08.jpg,E:\code\Project\Dataset\xiaohongshu_images\xiaohongshu_images\机能风穿搭\68b41359000000001c00e570\image_08.jpg
GRP-XHS-68b41359000000001c00e570-09,68b41359000000001c00e570,#机能风穿搭,,就以机能风拽酷入秋🎱,就以机能风拽酷入秋🎱,search_title,2025-09-10,xiaohongshu_images\机能风穿搭\68b41359000000001c00e570\image_09.jpg,E:\code\Project\Dataset\xiaohongshu_images\xiaohongshu_images\机能风穿搭\68b41359000000001c00e570\image_09.jpg
GRP-XHS-68b41359000000001c00e570-10,68b41359000000001c00e570,#机能风穿搭,,就以机能风拽酷入秋🎱,就以机能风拽酷入秋🎱,search_title,2025-09-10,xiaohongshu_images\机能风穿搭\68b41359000000001c00e570\image_10.jpg,E:\code\Project\Dataset\xiaohongshu_images\xiaohongshu_images\机能风穿搭\68b41359000000001c00e570\image_10.jpg
GRP-XHS-68b41359000000001c00e570-11,68b41359000000001c00e570,#机能风穿搭,,就以机能风拽酷入秋🎱,就以机能风拽酷入秋🎱,search_title,2025-09-10,xiaohongshu_images\机能风穿搭\68b41359000000001c00e570\image_11.jpg,E:\code\Project\Dataset\xiaohongshu_images\xiaohongshu_images\机能风穿搭\68b41359000000001c00e570\image_11.jpg
GRP-XHS-68b41359000000001c00e570-12,68b41359000000001c00e570,#机能风穿搭,,就以机能风拽酷入秋🎱,就以机能风拽酷入秋🎱,search_title,2025-09-10,xiaohongshu_images\机能风穿搭\68b41359000000001c00e570\image_12.jpg,E:\code\Project\Dataset\xiaohongshu_images\xiaohongshu_images\机能风穿搭\68b41359000000001c00e570\image_12.jpg
GRP-XHS-68b41359000000001c00e570-13,68b41359000000001c00e570,#机能风穿搭,,就以机能风拽酷入秋🎱,就以机能风拽酷入秋🎱,search_title,2025-09-10,xiaohongshu_images\机能风穿搭\68b41359000000001c00e570\image_13.jpg,E:\code\Project\Dataset\xiaohongshu_images\xiaohongshu_images\机能风穿搭\68b41359000000001c00e570\image_13.jpg
GRP-XHS-68b41359000000001c00e570-14,68b41359000000001c00e570,#机能风穿搭,,就以机能风拽酷入秋🎱,就以机能风拽酷入秋🎱,search_title,2025-09-10,xiaohongshu_images\机能风穿搭\68b41359000000001c00e570\image_14.jpg,E:\code\Project\Dataset\xiaohongshu_images\xiaohongshu_images\机能风穿搭\68b41359000000001c00e570\image_14.jpg
GRP-XHS-68b41359000000001c00e570-15,68b41359000000001c00e570,#机能风穿搭,,就以机能风拽酷入秋🎱,就以机能风拽酷入秋🎱,search_title,2025-09-10,xiaohongshu_images\机能风穿搭\68b41359000000001c00e570\image_15.jpg,E:\code\Project\Dataset\xiaohongshu_images\xiaohongshu_images\机能风穿搭\68b41359000000001c00e570\image_15.jpg
GRP-XHS-683ec114000000002300dde0-01,683ec114000000002300dde0,#机能风穿搭,,夏日黑灰机能风｜OOTD,夏日黑灰机能风｜OOTD,search_title,2025-06-03,xiaohongshu_images\机能风穿搭\683ec114000000002300dde0\image_01.jpg,E:\code\Project\Dataset\xiaohongshu_images\xiaohongshu_images\机能风穿搭\683ec114000000002300dde0\image_01.jpg
GRP-XHS-683ec114000000002300dde0-02,683ec114000000002300dde0,#机能风穿搭,,夏日黑灰机能风｜OOTD,夏日黑灰机能风｜OOTD,search_title,2025-06-03,xiaohongshu_images\机能风穿搭\683ec114000000002300dde0\image_02.jpg,E:\code\Project\Dataset\xiaohongshu_images\xiaohongshu_images\机能风穿搭\683ec114000000002300dde0\image_02.jpg
GRP-XHS-683ec114000000002300dde0-03,683ec114000000002300dde0,#机能风穿搭,,夏日黑灰机能风｜OOTD,夏日黑灰机能风｜OOTD,search_title,2025-06-03,xiaohongshu_images\机能风穿搭\683ec114000000002300dde0\image_03.jpg,E:\code\Project\Dataset\xiaohongshu_images\xiaohongshu_images\机能风穿搭\683ec114000000002300dde0\image_03.jpg
GRP-XHS-683ec114000000002300dde0-04,683ec114000000002300dde0,#机能风穿搭,,夏日黑灰机能风｜OOTD,夏日黑灰机能风｜OOTD,search_title,2025-06-03,xiaohongshu_images\机能风穿搭\683ec114000000002300dde0\image_04.jpg,E:\code\Project\Dataset\xiaohongshu_images\xiaohongshu_images\机能风穿搭\683ec114000000002300dde0\image_04.jpg
GRP-XHS-683ec114000000002300dde0-05,683ec114000000002300dde0,#机能风穿搭,,夏日黑灰机能风｜OOTD,夏日黑灰机能风｜OOTD,search_title,2025-06-03,xiaohongshu_images\机能风穿搭\683ec114000000002300dde0\image_05.jpg,E:\code\Project\Dataset\xiaohongshu_images\xiaohongshu_images\机能风穿搭\683ec114000000002300dde0\image_05.jpg
GRP-XHS-683ec114000000002300dde0-06,683ec114000000002300dde0,#机能风穿搭,,夏日黑灰机能风｜OOTD,夏日黑灰机能风｜OOTD,search_title,2025-06-03,xiaohongshu_images\机能风穿搭\683ec114000000002300dde0\image_06.jpg,E:\code\Project\Dataset\xiaohongshu_images\xiaohongshu_images\机能风穿搭\683ec114000000002300dde0\image_06.jpg
GRP-XHS-683ec114000000002300dde0-07,683ec114000000002300dde0,#机能风穿搭,,夏日黑灰机能风｜OOTD,夏日黑灰机能风｜OOTD,search_title,2025-06-03,xiaohongshu_images\机能风穿搭\683ec114000000002300dde0\image_07.jpg,E:\code\Project\Dataset\xiaohongshu_images\xiaohongshu_images\机能风穿搭\683ec114000000002300dde0\image_07.jpg
GRP-XHS-690d5ad00000000007022587-01,690d5ad00000000007022587,#机能风穿搭,,男生穿搭：从体型挑对风格（4类方案）,男生穿搭：从体型挑对风格（4类方案）,search_title,2025-11-07,xiaohongshu_images\机能风穿搭\690d5ad00000000007022587\image_01.jpg,E:\code\Project\Dataset\xiaohongshu_images\xiaohongshu_images\机能风穿搭\690d5ad00000000007022587\image_01.jpg
GRP-XHS-690d5ad00000000007022587-02,690d5ad00000000007022587,#机能风穿搭,,男生穿搭：从体型挑对风格（4类方案）,男生穿搭：从体型挑对风格（4类方案）,search_title,2025-11-07,xiaohongshu_images\机能风穿搭\690d5ad00000000007022587\image_02.jpg,E:\code\Project\Dataset\xiaohongshu_images\xiaohongshu_images\机能风穿搭\690d5ad00000000007022587\image_02.jpg
GRP-XHS-690d5ad00000000007022587-03,690d5ad00000000007022587,#机能风穿搭,,男生穿搭：从体型挑对风格（4类方案）,男生穿搭：从体型挑对风格（4类方案）,search_title,2025-11-07,xiaohongshu_images\机能风穿搭\690d5ad00000000007022587\image_03.jpg,E:\code\Project\Dataset\xiaohongshu_images\xiaohongshu_images\机能风穿搭\690d5ad00000000007022587\image_03.jpg
GRP-XHS-690d5ad00000000007022587-04,690d5ad00000000007022587,#机能风穿搭,,男生穿搭：从体型挑对风格（4类方案）,男生穿搭：从体型挑对风格（4类方案）,search_title,2025-11-07,xiaohongshu_images\机能风穿搭\690d5ad00000000007022587\image_04.jpg,E:\code\Project\Dataset\xiaohongshu_images\xiaohongshu_images\机能风穿搭\690d5ad00000000007022587\image_04.jpg
GRP-XHS-690d5ad00000000007022587-05,690d5ad00000000007022587,#机能风穿搭,,男生穿搭：从体型挑对风格（4类方案）,男生穿搭：从体型挑对风格（4类方案）,search_title,2025-11-07,xiaohongshu_images\机能风穿搭\690d5ad00000000007022587\image_05.jpg,E:\code\Project\Dataset\xiaohongshu_images\xiaohongshu_images\机能风穿搭\690d5ad00000000007022587\image_05.jpg
GRP-XHS-690d5ad00000000007022587-06,690d5ad00000000007022587,#机能风穿搭,,男生穿搭：从体型挑对风格（4类方案）,男生穿搭：从体型挑对风格（4类方案）,search_title,2025-11-07,xiaohongshu_images\机能风穿搭\690d5ad00000000007022587\image_06.jpg,E:\code\Project\Dataset\xiaohongshu_images\xiaohongshu_images\机能风穿搭\690d5ad00000000007022587\image_06.jpg
GRP-XHS-690d5ad00000000007022587-07,690d5ad00000000007022587,#机能风穿搭,,男生穿搭：从体型挑对风格（4类方案）,男生穿搭：从体型挑对风格（4类方案）,search_title,2025-11-07,xiaohongshu_images\机能风穿搭\690d5ad00000000007022587\image_07.jpg,E:\code\Project\Dataset\xiaohongshu_images\xiaohongshu_images\机能风穿搭\690d5ad00000000007022587\image_07.jpg
GRP-XHS-69c7b3450000000020039ccc-01,69c7b3450000000020039ccc,#机能风穿搭,,“嘘，你听…”,“嘘，你听…”,search_title,2026-03-28,xiaohongshu_images\机能风穿搭\69c7b3450000000020039ccc\image_01.jpg,E:\code\Project\Dataset\xiaohongshu_images\xiaohongshu_images\机能风穿搭\69c7b3450000000020039ccc\image_01.jpg
GRP-XHS-6984bb7b0000000022030aff-01,6984bb7b0000000022030aff,#机能风穿搭,,不得不佩服原宿的设计，质感明显好一截……,不得不佩服原宿的设计，质感明显好一截……,search_title,2026-02-05,xiaohongshu_images\机能风穿搭\6984bb7b0000000022030aff\image_01.jpg,E:\code\Project\Dataset\xiaohongshu_images\xiaohongshu_images\机能风穿搭\6984bb7b0000000022030aff\image_01.jpg
GRP-XHS-6984bb7b0000000022030aff-02,6984bb7b0000000022030aff,#机能风穿搭,,不得不佩服原宿的设计，质感明显好一截……,不得不佩服原宿的设计，质感明显好一截……,search_title,2026-02-05,xiaohongshu_images\机能风穿搭\6984bb7b0000000022030aff\image_02.jpg,E:\code\Project\Dataset\xiaohongshu_images\xiaohongshu_images\机能风穿搭\6984bb7b0000000022030aff\image_02.jpg
GRP-XHS-6984bb7b0000000022030aff-03,6984bb7b0000000022030aff,#机能风穿搭,,不得不佩服原宿的设计，质感明显好一截……,不得不佩服原宿的设计，质感明显好一截……,search_title,2026-02-05,xiaohongshu_images\机能风穿搭\6984bb7b0000000022030aff\image_03.jpg,E:\code\Project\Dataset\xiaohongshu_images\xiaohongshu_images\机能风穿搭\6984bb7b0000000022030aff\image_03.jpg
GRP-XHS-6984bb7b0000000022030aff-04,6984bb7b0000000022030aff,#机能风穿搭,,不得不佩服原宿的设计，质感明显好一截……,不得不佩服原宿的设计，质感明显好一截……,search_title,2026-02-05,xiaohongshu_images\机能风穿搭\6984bb7b0000000022030aff\image_04.jpg,E:\code\Project\Dataset\xiaohongshu_images\xiaohongshu_images\机能风穿搭\6984bb7b0000000022030aff\image_04.jpg
GRP-XHS-697c4f59000000000a03cf89-01,697c4f59000000000a03cf89,#Gorpcore,,一鞋多穿｜街头城市机能outfits*3,一鞋多穿｜街头城市机能outfits*3,search_title,2026-01-30,xiaohongshu_images\Gorpcore\697c4f59000000000a03cf89\image_01.jpg,E:\code\Project\Dataset\xiaohongshu_images\xiaohongshu_images\Gorpcore\697c4f59000000000a03cf89\image_01.jpg
GRP-XHS-697c4f59000000000a03cf89-02,697c4f59000000000a03cf89,#Gorpcore,,一鞋多穿｜街头城市机能outfits*3,一鞋多穿｜街头城市机能outfits*3,search_title,2026-01-30,xiaohongshu_images\Gorpcore\697c4f59000000000a03cf89\image_02.jpg,E:\code\Project\Dataset\xiaohongshu_images\xiaohongshu_images\Gorpcore\697c4f59000000000a03cf89\image_02.jpg
GRP-XHS-697c4f59000000000a03cf89-03,697c4f59000000000a03cf89,#Gorpcore,,一鞋多穿｜街头城市机能outfits*3,一鞋多穿｜街头城市机能outfits*3,search_title,2026-01-30,xiaohongshu_images\Gorpcore\697c4f59000000000a03cf89\image_03.jpg,E:\code\Project\Dataset\xiaohongshu_images\xiaohongshu_images\Gorpcore\697c4f59000000000a03cf89\image_03.jpg
GRP-XHS-697c4f59000000000a03cf89-04,697c4f59000000000a03cf89,#Gorpcore,,一鞋多穿｜街头城市机能outfits*3,一鞋多穿｜街头城市机能outfits*3,search_title,2026-01-30,xiaohongshu_images\Gorpcore\697c4f59000000000a03cf89\image_04.jpg,E:\code\Project\Dataset\xiaohongshu_images\xiaohongshu_images\Gorpcore\697c4f59000000000a03cf89\image_04.jpg
GRP-XHS-697c4f59000000000a03cf89-05,697c4f59000000000a03cf89,#Gorpcore,,一鞋多穿｜街头城市机能outfits*3,一鞋多穿｜街头城市机能outfits*3,search_title,2026-01-30,xiaohongshu_images\Gorpcore\697c4f59000000000a03cf89\image_05.jpg,E:\code\Project\Dataset\xiaohongshu_images\xiaohongshu_images\Gorpcore\697c4f59000000000a03cf89\image_05.jpg
GRP-XHS-697c4f59000000000a03cf89-06,697c4f59000000000a03cf89,#Gorpcore,,一鞋多穿｜街头城市机能outfits*3,一鞋多穿｜街头城市机能outfits*3,search_title,2026-01-30,xiaohongshu_images\Gorpcore\697c4f59000000000a03cf89\image_06.jpg,E:\code\Project\Dataset\xiaohongshu_images\xiaohongshu_images\Gorpcore\697c4f59000000000a03cf89\image_06.jpg
GRP-XHS-697c4f59000000000a03cf89-07,697c4f59000000000a03cf89,#Gorpcore,,一鞋多穿｜街头城市机能outfits*3,一鞋多穿｜街头城市机能outfits*3,search_title,2026-01-30,xiaohongshu_images\Gorpcore\697c4f59000000000a03cf89\image_07.jpg,E:\code\Project\Dataset\xiaohongshu_images\xiaohongshu_images\Gorpcore\697c4f59000000000a03cf89\image_07.jpg
GRP-XHS-697c4f59000000000a03cf89-08,697c4f59000000000a03cf89,#Gorpcore,,一鞋多穿｜街头城市机能outfits*3,一鞋多穿｜街头城市机能outfits*3,search_title,2026-01-30,xiaohongshu_images\Gorpcore\697c4f59000000000a03cf89\image_08.jpg,E:\code\Project\Dataset\xiaohongshu_images\xiaohongshu_images\Gorpcore\697c4f59000000000a03cf89\image_08.jpg
GRP-XHS-697c4f59000000000a03cf89-09,697c4f59000000000a03cf89,#Gorpcore,,一鞋多穿｜街头城市机能outfits*3,一鞋多穿｜街头城市机能outfits*3,search_title,2026-01-30,xiaohongshu_images\Gorpcore\697c4f59000000000a03cf89\image_09.jpg,E:\code\Project\Dataset\xiaohongshu_images\xiaohongshu_images\Gorpcore\697c4f59000000000a03cf89\image_09.jpg
GRP-XHS-697c4f59000000000a03cf89-10,697c4f59000000000a03cf89,#Gorpcore,,一鞋多穿｜街头城市机能outfits*3,一鞋多穿｜街头城市机能outfits*3,search_title,2026-01-30,xiaohongshu_images\Gorpcore\697c4f59000000000a03cf89\image_10.jpg,E:\code\Project\Dataset\xiaohongshu_images\xiaohongshu_images\Gorpcore\697c4f59000000000a03cf89\image_10.jpg
GRP-XHS-697c4f59000000000a03cf89-11,697c4f59000000000a03cf89,#Gorpcore,,一鞋多穿｜街头城市机能outfits*3,一鞋多穿｜街头城市机能outfits*3,search_title,2026-01-30,xiaohongshu_images\Gorpcore\697c4f59000000000a03cf89\image_11.jpg,E:\code\Project\Dataset\xiaohongshu_images\xiaohongshu_images\Gorpcore\697c4f59000000000a03cf89\image_11.jpg
GRP-XHS-697c4f59000000000a03cf89-12,697c4f59000000000a03cf89,#Gorpcore,,一鞋多穿｜街头城市机能outfits*3,一鞋多穿｜街头城市机能outfits*3,search_title,2026-01-30,xiaohongshu_images\Gorpcore\697c4f59000000000a03cf89\image_12.jpg,E:\code\Project\Dataset\xiaohongshu_images\xiaohongshu_images\Gorpcore\697c4f59000000000a03cf89\image_12.jpg
GRP-XHS-69722a62000000000903bfc5-01,69722a62000000000903bfc5,#Gorpcore,,𝗖𝗶𝘁𝘆 𝗚𝗼𝗿𝗽𝗰𝗼𝗿𝗲!!⚙️·˚ ༘,𝗖𝗶𝘁𝘆 𝗚𝗼𝗿𝗽𝗰𝗼𝗿𝗲!!⚙️·˚ ༘,search_title,2026-01-22,xiaohongshu_images\Gorpcore\69722a62000000000903bfc5\image_01.jpg,E:\code\Project\Dataset\xiaohongshu_images\xiaohongshu_images\Gorpcore\69722a62000000000903bfc5\image_01.jpg
GRP-XHS-69722a62000000000903bfc5-02,69722a62000000000903bfc5,#Gorpcore,,𝗖𝗶𝘁𝘆 𝗚𝗼𝗿𝗽𝗰𝗼𝗿𝗲!!⚙️·˚ ༘,𝗖𝗶𝘁𝘆 𝗚𝗼𝗿𝗽𝗰𝗼𝗿𝗲!!⚙️·˚ ༘,search_title,2026-01-22,xiaohongshu_images\Gorpcore\69722a62000000000903bfc5\image_02.jpg,E:\code\Project\Dataset\xiaohongshu_images\xiaohongshu_images\Gorpcore\69722a62000000000903bfc5\image_02.jpg
GRP-XHS-69722a62000000000903bfc5-03,69722a62000000000903bfc5,#Gorpcore,,𝗖𝗶𝘁𝘆 𝗚𝗼𝗿𝗽𝗰𝗼𝗿𝗲!!⚙️·˚ ༘,𝗖𝗶𝘁𝘆 𝗚𝗼𝗿𝗽𝗰𝗼𝗿𝗲!!⚙️·˚ ༘,search_title,2026-01-22,xiaohongshu_images\Gorpcore\69722a62000000000903bfc5\image_03.jpg,E:\code\Project\Dataset\xiaohongshu_images\xiaohongshu_images\Gorpcore\69722a62000000000903bfc5\image_03.jpg
GRP-XHS-69722a62000000000903bfc5-04,69722a62000000000903bfc5,#Gorpcore,,𝗖𝗶𝘁𝘆 𝗚𝗼𝗿𝗽𝗰𝗼𝗿𝗲!!⚙️·˚ ༘,𝗖𝗶𝘁𝘆 𝗚𝗼𝗿𝗽𝗰𝗼𝗿𝗲!!⚙️·˚ ༘,search_title,2026-01-22,xiaohongshu_images\Gorpcore\69722a62000000000903bfc5\image_04.jpg,E:\code\Project\Dataset\xiaohongshu_images\xiaohongshu_images\Gorpcore\69722a62000000000903bfc5\image_04.jpg
GRP-XHS-69722a62000000000903bfc5-05,69722a62000000000903bfc5,#Gorpcore,,𝗖𝗶𝘁𝘆 𝗚𝗼𝗿𝗽𝗰𝗼𝗿𝗲!!⚙️·˚ ༘,𝗖𝗶𝘁𝘆 𝗚𝗼𝗿𝗽𝗰𝗼𝗿𝗲!!⚙️·˚ ༘,search_title,2026-01-22,xiaohongshu_images\Gorpcore\69722a62000000000903bfc5\image_05.jpg,E:\code\Project\Dataset\xiaohongshu_images\xiaohongshu_images\Gorpcore\69722a62000000000903bfc5\image_05.jpg
GRP-XHS-69722a62000000000903bfc5-06,69722a62000000000903bfc5,#Gorpcore,,𝗖𝗶𝘁𝘆 𝗚𝗼𝗿𝗽𝗰𝗼𝗿𝗲!!⚙️·˚ ༘,𝗖𝗶𝘁𝘆 𝗚𝗼𝗿𝗽𝗰𝗼𝗿𝗲!!⚙️·˚ ༘,search_title,2026-01-22,xiaohongshu_images\Gorpcore\69722a62000000000903bfc5\image_06.jpg,E:\code\Project\Dataset\xiaohongshu_images\xiaohongshu_images\Gorpcore\69722a62000000000903bfc5\image_06.jpg
GRP-XHS-69722a62000000000903bfc5-07,69722a62000000000903bfc5,#Gorpcore,,𝗖𝗶𝘁𝘆 𝗚𝗼𝗿𝗽𝗰𝗼𝗿𝗲!!⚙️·˚ ༘,𝗖𝗶𝘁𝘆 𝗚𝗼𝗿𝗽𝗰𝗼𝗿𝗲!!⚙️·˚ ༘,search_title,2026-01-22,xiaohongshu_images\Gorpcore\69722a62000000000903bfc5\image_07.jpg,E:\code\Project\Dataset\xiaohongshu_images\xiaohongshu_images\Gorpcore\69722a62000000000903bfc5\image_07.jpg
GRP-XHS-69722a62000000000903bfc5-08,69722a62000000000903bfc5,#Gorpcore,,𝗖𝗶𝘁𝘆 𝗚𝗼𝗿𝗽𝗰𝗼𝗿𝗲!!⚙️·˚ ༘,𝗖𝗶𝘁𝘆 𝗚𝗼𝗿𝗽𝗰𝗼𝗿𝗲!!⚙️·˚ ༘,search_title,2026-01-22,xiaohongshu_images\Gorpcore\69722a62000000000903bfc5\image_08.jpg,E:\code\Project\Dataset\xiaohongshu_images\xiaohongshu_images\Gorpcore\69722a62000000000903bfc5\image_08.jpg
GRP-XHS-69722a62000000000903bfc5-09,69722a62000000000903bfc5,#Gorpcore,,𝗖𝗶𝘁𝘆 𝗚𝗼𝗿𝗽𝗰𝗼𝗿𝗲!!⚙️·˚ ༘,𝗖𝗶𝘁𝘆 𝗚𝗼𝗿𝗽𝗰𝗼𝗿𝗲!!⚙️·˚ ༘,search_title,2026-01-22,xiaohongshu_images\Gorpcore\69722a62000000000903bfc5\image_09.jpg,E:\code\Project\Dataset\xiaohongshu_images\xiaohongshu_images\Gorpcore\69722a62000000000903bfc5\image_09.jpg
GRP-XHS-69526886000000001e004c85-01,69526886000000001e004c85,#Gorpcore,,𝑮𝒐𝒓𝒑𝒐𝒄𝒐𝒓𝒆｜机能风怎么拍更出片🤳,𝑮𝒐𝒓𝒑𝒐𝒄𝒐𝒓𝒆｜机能风怎么拍更出片🤳,search_title,2025-12-29,xiaohongshu_images\Gorpcore\69526886000000001e004c85\image_01.jpg,E:\code\Project\Dataset\xiaohongshu_images\xiaohongshu_images\Gorpcore\69526886000000001e004c85\image_01.jpg
GRP-XHS-69526886000000001e004c85-02,69526886000000001e004c85,#Gorpcore,,𝑮𝒐𝒓𝒑𝒐𝒄𝒐𝒓𝒆｜机能风怎么拍更出片🤳,𝑮𝒐𝒓𝒑𝒐𝒄𝒐𝒓𝒆｜机能风怎么拍更出片🤳,search_title,2025-12-29,xiaohongshu_images\Gorpcore\69526886000000001e004c85\image_02.jpg,E:\code\Project\Dataset\xiaohongshu_images\xiaohongshu_images\Gorpcore\69526886000000001e004c85\image_02.jpg
GRP-XHS-69526886000000001e004c85-03,69526886000000001e004c85,#Gorpcore,,𝑮𝒐𝒓𝒑𝒐𝒄𝒐𝒓𝒆｜机能风怎么拍更出片🤳,𝑮𝒐𝒓𝒑𝒐𝒄𝒐𝒓𝒆｜机能风怎么拍更出片🤳,search_title,2025-12-29,xiaohongshu_images\Gorpcore\69526886000000001e004c85\image_03.jpg,E:\code\Project\Dataset\xiaohongshu_images\xiaohongshu_images\Gorpcore\69526886000000001e004c85\image_03.jpg
GRP-XHS-69526886000000001e004c85-04,69526886000000001e004c85,#Gorpcore,,𝑮𝒐𝒓𝒑𝒐𝒄𝒐𝒓𝒆｜机能风怎么拍更出片🤳,𝑮𝒐𝒓𝒑𝒐𝒄𝒐𝒓𝒆｜机能风怎么拍更出片🤳,search_title,2025-12-29,xiaohongshu_images\Gorpcore\69526886000000001e004c85\image_04.jpg,E:\code\Project\Dataset\xiaohongshu_images\xiaohongshu_images\Gorpcore\69526886000000001e004c85\image_04.jpg
GRP-XHS-69526886000000001e004c85-05,69526886000000001e004c85,#Gorpcore,,𝑮𝒐𝒓𝒑𝒐𝒄𝒐𝒓𝒆｜机能风怎么拍更出片🤳,𝑮𝒐𝒓𝒑𝒐𝒄𝒐𝒓𝒆｜机能风怎么拍更出片🤳,search_title,2025-12-29,xiaohongshu_images\Gorpcore\69526886000000001e004c85\image_05.jpg,E:\code\Project\Dataset\xiaohongshu_images\xiaohongshu_images\Gorpcore\69526886000000001e004c85\image_05.jpg
GRP-XHS-69526886000000001e004c85-06,69526886000000001e004c85,#Gorpcore,,𝑮𝒐𝒓𝒑𝒐𝒄𝒐𝒓𝒆｜机能风怎么拍更出片🤳,𝑮𝒐𝒓𝒑𝒐𝒄𝒐𝒓𝒆｜机能风怎么拍更出片🤳,search_title,2025-12-29,xiaohongshu_images\Gorpcore\69526886000000001e004c85\image_06.jpg,E:\code\Project\Dataset\xiaohongshu_images\xiaohongshu_images\Gorpcore\69526886000000001e004c85\image_06.jpg
GRP-XHS-69526886000000001e004c85-07,69526886000000001e004c85,#Gorpcore,,𝑮𝒐𝒓𝒑𝒐𝒄𝒐𝒓𝒆｜机能风怎么拍更出片🤳,𝑮𝒐𝒓𝒑𝒐𝒄𝒐𝒓𝒆｜机能风怎么拍更出片🤳,search_title,2025-12-29,xiaohongshu_images\Gorpcore\69526886000000001e004c85\image_07.jpg,E:\code\Project\Dataset\xiaohongshu_images\xiaohongshu_images\Gorpcore\69526886000000001e004c85\image_07.jpg
GRP-XHS-69526886000000001e004c85-08,69526886000000001e004c85,#Gorpcore,,𝑮𝒐𝒓𝒑𝒐𝒄𝒐𝒓𝒆｜机能风怎么拍更出片🤳,𝑮𝒐𝒓𝒑𝒐𝒄𝒐𝒓𝒆｜机能风怎么拍更出片🤳,search_title,2025-12-29,xiaohongshu_images\Gorpcore\69526886000000001e004c85\image_08.jpg,E:\code\Project\Dataset\xiaohongshu_images\xiaohongshu_images\Gorpcore\69526886000000001e004c85\image_08.jpg
GRP-XHS-69526886000000001e004c85-09,69526886000000001e004c85,#Gorpcore,,𝑮𝒐𝒓𝒑𝒐𝒄𝒐𝒓𝒆｜机能风怎么拍更出片🤳,𝑮𝒐𝒓𝒑𝒐𝒄𝒐𝒓𝒆｜机能风怎么拍更出片🤳,search_title,2025-12-29,xiaohongshu_images\Gorpcore\69526886000000001e004c85\image_09.jpg,E:\code\Project\Dataset\xiaohongshu_images\xiaohongshu_images\Gorpcore\69526886000000001e004c85\image_09.jpg
GRP-XHS-69526886000000001e004c85-10,69526886000000001e004c85,#Gorpcore,,𝑮𝒐𝒓𝒑𝒐𝒄𝒐𝒓𝒆｜机能风怎么拍更出片🤳,𝑮𝒐𝒓𝒑𝒐𝒄𝒐𝒓𝒆｜机能风怎么拍更出片🤳,search_title,2025-12-29,xiaohongshu_images\Gorpcore\69526886000000001e004c85\image_10.jpg,E:\code\Project\Dataset\xiaohongshu_images\xiaohongshu_images\Gorpcore\69526886000000001e004c85\image_10.jpg
GRP-XHS-683052b7000000001200122c-01,683052b7000000001200122c,#Gorpcore,,一件冲锋衣卖断货，Gorpcore血洗时尚圈真相,一件冲锋衣卖断货，Gorpcore血洗时尚圈真相,search_title,2025-05-23,xiaohongshu_images\Gorpcore\683052b7000000001200122c\image_01.jpg,E:\code\Project\Dataset\xiaohongshu_images\xiaohongshu_images\Gorpcore\683052b7000000001200122c\image_01.jpg
GRP-XHS-683052b7000000001200122c-02,683052b7000000001200122c,#Gorpcore,,一件冲锋衣卖断货，Gorpcore血洗时尚圈真相,一件冲锋衣卖断货，Gorpcore血洗时尚圈真相,search_title,2025-05-23,xiaohongshu_images\Gorpcore\683052b7000000001200122c\image_02.jpg,E:\code\Project\Dataset\xiaohongshu_images\xiaohongshu_images\Gorpcore\683052b7000000001200122c\image_02.jpg
GRP-XHS-683052b7000000001200122c-03,683052b7000000001200122c,#Gorpcore,,一件冲锋衣卖断货，Gorpcore血洗时尚圈真相,一件冲锋衣卖断货，Gorpcore血洗时尚圈真相,search_title,2025-05-23,xiaohongshu_images\Gorpcore\683052b7000000001200122c\image_03.jpg,E:\code\Project\Dataset\xiaohongshu_images\xiaohongshu_images\Gorpcore\683052b7000000001200122c\image_03.jpg
GRP-XHS-683052b7000000001200122c-04,683052b7000000001200122c,#Gorpcore,,一件冲锋衣卖断货，Gorpcore血洗时尚圈真相,一件冲锋衣卖断货，Gorpcore血洗时尚圈真相,search_title,2025-05-23,xiaohongshu_images\Gorpcore\683052b7000000001200122c\image_04.jpg,E:\code\Project\Dataset\xiaohongshu_images\xiaohongshu_images\Gorpcore\683052b7000000001200122c\image_04.jpg
GRP-XHS-683052b7000000001200122c-05,683052b7000000001200122c,#Gorpcore,,一件冲锋衣卖断货，Gorpcore血洗时尚圈真相,一件冲锋衣卖断货，Gorpcore血洗时尚圈真相,search_title,2025-05-23,xiaohongshu_images\Gorpcore\683052b7000000001200122c\image_05.jpg,E:\code\Project\Dataset\xiaohongshu_images\xiaohongshu_images\Gorpcore\683052b7000000001200122c\image_05.jpg
GRP-XHS-683052b7000000001200122c-06,683052b7000000001200122c,#Gorpcore,,一件冲锋衣卖断货，Gorpcore血洗时尚圈真相,一件冲锋衣卖断货，Gorpcore血洗时尚圈真相,search_title,2025-05-23,xiaohongshu_images\Gorpcore\683052b7000000001200122c\image_06.jpg,E:\code\Project\Dataset\xiaohongshu_images\xiaohongshu_images\Gorpcore\683052b7000000001200122c\image_06.jpg
GRP-XHS-69eec6370000000035020ff4-01,69eec6370000000035020ff4,#Gorpcore,,Gorpcore 2.0！2026年户外圈集体自由壳？,Gorpcore 2.0！2026年户外圈集体自由壳？,search_title,2026-04-27,xiaohongshu_images\Gorpcore\69eec6370000000035020ff4\image_01.jpg,E:\code\Project\Dataset\xiaohongshu_images\xiaohongshu_images\Gorpcore\69eec6370000000035020ff4\image_01.jpg
GRP-XHS-69eec6370000000035020ff4-02,69eec6370000000035020ff4,#Gorpcore,,Gorpcore 2.0！2026年户外圈集体自由壳？,Gorpcore 2.0！2026年户外圈集体自由壳？,search_title,2026-04-27,xiaohongshu_images\Gorpcore\69eec6370000000035020ff4\image_02.jpg,E:\code\Project\Dataset\xiaohongshu_images\xiaohongshu_images\Gorpcore\69eec6370000000035020ff4\image_02.jpg
GRP-XHS-69eec6370000000035020ff4-03,69eec6370000000035020ff4,#Gorpcore,,Gorpcore 2.0！2026年户外圈集体自由壳？,Gorpcore 2.0！2026年户外圈集体自由壳？,search_title,2026-04-27,xiaohongshu_images\Gorpcore\69eec6370000000035020ff4\image_03.jpg,E:\code\Project\Dataset\xiaohongshu_images\xiaohongshu_images\Gorpcore\69eec6370000000035020ff4\image_03.jpg
GRP-XHS-69eec6370000000035020ff4-04,69eec6370000000035020ff4,#Gorpcore,,Gorpcore 2.0！2026年户外圈集体自由壳？,Gorpcore 2.0！2026年户外圈集体自由壳？,search_title,2026-04-27,xiaohongshu_images\Gorpcore\69eec6370000000035020ff4\image_04.jpg,E:\code\Project\Dataset\xiaohongshu_images\xiaohongshu_images\Gorpcore\69eec6370000000035020ff4\image_04.jpg
GRP-XHS-69eec6370000000035020ff4-05,69eec6370000000035020ff4,#Gorpcore,,Gorpcore 2.0！2026年户外圈集体自由壳？,Gorpcore 2.0！2026年户外圈集体自由壳？,search_title,2026-04-27,xiaohongshu_images\Gorpcore\69eec6370000000035020ff4\image_05.jpg,E:\code\Project\Dataset\xiaohongshu_images\xiaohongshu_images\Gorpcore\69eec6370000000035020ff4\image_05.jpg
GRP-XHS-69eec6370000000035020ff4-06,69eec6370000000035020ff4,#Gorpcore,,Gorpcore 2.0！2026年户外圈集体自由壳？,Gorpcore 2.0！2026年户外圈集体自由壳？,search_title,2026-04-27,xiaohongshu_images\Gorpcore\69eec6370000000035020ff4\image_06.jpg,E:\code\Project\Dataset\xiaohongshu_images\xiaohongshu_images\Gorpcore\69eec6370000000035020ff4\image_06.jpg
GRP-XHS-69eec6370000000035020ff4-07,69eec6370000000035020ff4,#Gorpcore,,Gorpcore 2.0！2026年户外圈集体自由壳？,Gorpcore 2.0！2026年户外圈集体自由壳？,search_title,2026-04-27,xiaohongshu_images\Gorpcore\69eec6370000000035020ff4\image_07.jpg,E:\code\Project\Dataset\xiaohongshu_images\xiaohongshu_images\Gorpcore\69eec6370000000035020ff4\image_07.jpg
GRP-XHS-69b4ec21000000002200ed5b-01,69b4ec21000000002200ed5b,#Gorpcore,,机能风还能再战500年,机能风还能再战500年,search_title,2026-03-14,xiaohongshu_images\Gorpcore\69b4ec21000000002200ed5b\image_01.jpg,E:\code\Project\Dataset\xiaohongshu_images\xiaohongshu_images\Gorpcore\69b4ec21000000002200ed5b\image_01.jpg
GRP-XHS-69b4ec21000000002200ed5b-02,69b4ec21000000002200ed5b,#Gorpcore,,机能风还能再战500年,机能风还能再战500年,search_title,2026-03-14,xiaohongshu_images\Gorpcore\69b4ec21000000002200ed5b\image_02.jpg,E:\code\Project\Dataset\xiaohongshu_images\xiaohongshu_images\Gorpcore\69b4ec21000000002200ed5b\image_02.jpg
GRP-XHS-69b4ec21000000002200ed5b-03,69b4ec21000000002200ed5b,#Gorpcore,,机能风还能再战500年,机能风还能再战500年,search_title,2026-03-14,xiaohongshu_images\Gorpcore\69b4ec21000000002200ed5b\image_03.jpg,E:\code\Project\Dataset\xiaohongshu_images\xiaohongshu_images\Gorpcore\69b4ec21000000002200ed5b\image_03.jpg
GRP-XHS-69b4ec21000000002200ed5b-04,69b4ec21000000002200ed5b,#Gorpcore,,机能风还能再战500年,机能风还能再战500年,search_title,2026-03-14,xiaohongshu_images\Gorpcore\69b4ec21000000002200ed5b\image_04.jpg,E:\code\Project\Dataset\xiaohongshu_images\xiaohongshu_images\Gorpcore\69b4ec21000000002200ed5b\image_04.jpg
GRP-XHS-69b4ec21000000002200ed5b-05,69b4ec21000000002200ed5b,#Gorpcore,,机能风还能再战500年,机能风还能再战500年,search_title,2026-03-14,xiaohongshu_images\Gorpcore\69b4ec21000000002200ed5b\image_05.jpg,E:\code\Project\Dataset\xiaohongshu_images\xiaohongshu_images\Gorpcore\69b4ec21000000002200ed5b\image_05.jpg
GRP-XHS-69b4ec21000000002200ed5b-06,69b4ec21000000002200ed5b,#Gorpcore,,机能风还能再战500年,机能风还能再战500年,search_title,2026-03-14,xiaohongshu_images\Gorpcore\69b4ec21000000002200ed5b\image_06.jpg,E:\code\Project\Dataset\xiaohongshu_images\xiaohongshu_images\Gorpcore\69b4ec21000000002200ed5b\image_06.jpg
GRP-XHS-69b4ec21000000002200ed5b-07,69b4ec21000000002200ed5b,#Gorpcore,,机能风还能再战500年,机能风还能再战500年,search_title,2026-03-14,xiaohongshu_images\Gorpcore\69b4ec21000000002200ed5b\image_07.jpg,E:\code\Project\Dataset\xiaohongshu_images\xiaohongshu_images\Gorpcore\69b4ec21000000002200ed5b\image_07.jpg
GRP-XHS-69b4ec21000000002200ed5b-08,69b4ec21000000002200ed5b,#Gorpcore,,机能风还能再战500年,机能风还能再战500年,search_title,2026-03-14,xiaohongshu_images\Gorpcore\69b4ec21000000002200ed5b\image_08.jpg,E:\code\Project\Dataset\xiaohongshu_images\xiaohongshu_images\Gorpcore\69b4ec21000000002200ed5b\image_08.jpg
GRP-XHS-68a59f74000000001c035930-01,68a59f74000000001c035930,#Gorpcore,,Gorpcore｜citywalk怎么拍照更出片🤳,Gorpcore｜citywalk怎么拍照更出片🤳,search_title,2025-08-23,xiaohongshu_images\Gorpcore\68a59f74000000001c035930\image_01.jpg,E:\code\Project\Dataset\xiaohongshu_images\xiaohongshu_images\Gorpcore\68a59f74000000001c035930\image_01.jpg
GRP-XHS-68a59f74000000001c035930-02,68a59f74000000001c035930,#Gorpcore,,Gorpcore｜citywalk怎么拍照更出片🤳,Gorpcore｜citywalk怎么拍照更出片🤳,search_title,2025-08-23,xiaohongshu_images\Gorpcore\68a59f74000000001c035930\image_02.jpg,E:\code\Project\Dataset\xiaohongshu_images\xiaohongshu_images\Gorpcore\68a59f74000000001c035930\image_02.jpg
GRP-XHS-68a59f74000000001c035930-03,68a59f74000000001c035930,#Gorpcore,,Gorpcore｜citywalk怎么拍照更出片🤳,Gorpcore｜citywalk怎么拍照更出片🤳,search_title,2025-08-23,xiaohongshu_images\Gorpcore\68a59f74000000001c035930\image_03.jpg,E:\code\Project\Dataset\xiaohongshu_images\xiaohongshu_images\Gorpcore\68a59f74000000001c035930\image_03.jpg
GRP-XHS-68a59f74000000001c035930-04,68a59f74000000001c035930,#Gorpcore,,Gorpcore｜citywalk怎么拍照更出片🤳,Gorpcore｜citywalk怎么拍照更出片🤳,search_title,2025-08-23,xiaohongshu_images\Gorpcore\68a59f74000000001c035930\image_04.jpg,E:\code\Project\Dataset\xiaohongshu_images\xiaohongshu_images\Gorpcore\68a59f74000000001c035930\image_04.jpg
GRP-XHS-68a59f74000000001c035930-05,68a59f74000000001c035930,#Gorpcore,,Gorpcore｜citywalk怎么拍照更出片🤳,Gorpcore｜citywalk怎么拍照更出片🤳,search_title,2025-08-23,xiaohongshu_images\Gorpcore\68a59f74000000001c035930\image_05.jpg,E:\code\Project\Dataset\xiaohongshu_images\xiaohongshu_images\Gorpcore\68a59f74000000001c035930\image_05.jpg
GRP-XHS-68a59f74000000001c035930-06,68a59f74000000001c035930,#Gorpcore,,Gorpcore｜citywalk怎么拍照更出片🤳,Gorpcore｜citywalk怎么拍照更出片🤳,search_title,2025-08-23,xiaohongshu_images\Gorpcore\68a59f74000000001c035930\image_06.jpg,E:\code\Project\Dataset\xiaohongshu_images\xiaohongshu_images\Gorpcore\68a59f74000000001c035930\image_06.jpg
GRP-XHS-68a59f74000000001c035930-07,68a59f74000000001c035930,#Gorpcore,,Gorpcore｜citywalk怎么拍照更出片🤳,Gorpcore｜citywalk怎么拍照更出片🤳,search_title,2025-08-23,xiaohongshu_images\Gorpcore\68a59f74000000001c035930\image_07.jpg,E:\code\Project\Dataset\xiaohongshu_images\xiaohongshu_images\Gorpcore\68a59f74000000001c035930\image_07.jpg
GRP-XHS-68a59f74000000001c035930-08,68a59f74000000001c035930,#Gorpcore,,Gorpcore｜citywalk怎么拍照更出片🤳,Gorpcore｜citywalk怎么拍照更出片🤳,search_title,2025-08-23,xiaohongshu_images\Gorpcore\68a59f74000000001c035930\image_08.jpg,E:\code\Project\Dataset\xiaohongshu_images\xiaohongshu_images\Gorpcore\68a59f74000000001c035930\image_08.jpg
GRP-XHS-688755ec000000002001bfe0-01,688755ec000000002001bfe0,#Gorpcore,,Gorpcore一下,Gorpcore一下,search_title,2025-07-29,xiaohongshu_images\Gorpcore\688755ec000000002001bfe0\image_01.jpg,E:\code\Project\Dataset\xiaohongshu_images\xiaohongshu_images\Gorpcore\688755ec000000002001bfe0\image_01.jpg
GRP-XHS-688755ec000000002001bfe0-02,688755ec000000002001bfe0,#Gorpcore,,Gorpcore一下,Gorpcore一下,search_title,2025-07-29,xiaohongshu_images\Gorpcore\688755ec000000002001bfe0\image_02.jpg,E:\code\Project\Dataset\xiaohongshu_images\xiaohongshu_images\Gorpcore\688755ec000000002001bfe0\image_02.jpg
GRP-XHS-688755ec000000002001bfe0-03,688755ec000000002001bfe0,#Gorpcore,,Gorpcore一下,Gorpcore一下,search_title,2025-07-29,xiaohongshu_images\Gorpcore\688755ec000000002001bfe0\image_03.jpg,E:\code\Project\Dataset\xiaohongshu_images\xiaohongshu_images\Gorpcore\688755ec000000002001bfe0\image_03.jpg
GRP-XHS-688755ec000000002001bfe0-04,688755ec000000002001bfe0,#Gorpcore,,Gorpcore一下,Gorpcore一下,search_title,2025-07-29,xiaohongshu_images\Gorpcore\688755ec000000002001bfe0\image_04.jpg,E:\code\Project\Dataset\xiaohongshu_images\xiaohongshu_images\Gorpcore\688755ec000000002001bfe0\image_04.jpg
GRP-XHS-688755ec000000002001bfe0-05,688755ec000000002001bfe0,#Gorpcore,,Gorpcore一下,Gorpcore一下,search_title,2025-07-29,xiaohongshu_images\Gorpcore\688755ec000000002001bfe0\image_05.jpg,E:\code\Project\Dataset\xiaohongshu_images\xiaohongshu_images\Gorpcore\688755ec000000002001bfe0\image_05.jpg
GRP-XHS-69e76836000000002202bf07-01,69e76836000000002202bf07,#Gorpcore,,五一徒步｜有没有男朋友推荐一下,五一徒步｜有没有男朋友推荐一下,search_title,2026-04-21,xiaohongshu_images\Gorpcore\69e76836000000002202bf07\image_01.jpg,E:\code\Project\Dataset\xiaohongshu_images\xiaohongshu_images\Gorpcore\69e76836000000002202bf07\image_01.jpg
GRP-XHS-686257850000000012023a1d-01,686257850000000012023a1d,#Gorpcore,,2025盘点8个韩国户外品牌，最后一个帅麻了,2025盘点8个韩国户外品牌，最后一个帅麻了,search_title,2025-06-30,xiaohongshu_images\Gorpcore\686257850000000012023a1d\image_01.jpg,E:\code\Project\Dataset\xiaohongshu_images\xiaohongshu_images\Gorpcore\686257850000000012023a1d\image_01.jpg
GRP-XHS-686257850000000012023a1d-02,686257850000000012023a1d,#Gorpcore,,2025盘点8个韩国户外品牌，最后一个帅麻了,2025盘点8个韩国户外品牌，最后一个帅麻了,search_title,2025-06-30,xiaohongshu_images\Gorpcore\686257850000000012023a1d\image_02.jpg,E:\code\Project\Dataset\xiaohongshu_images\xiaohongshu_images\Gorpcore\686257850000000012023a1d\image_02.jpg
GRP-XHS-686257850000000012023a1d-03,686257850000000012023a1d,#Gorpcore,,2025盘点8个韩国户外品牌，最后一个帅麻了,2025盘点8个韩国户外品牌，最后一个帅麻了,search_title,2025-06-30,xiaohongshu_images\Gorpcore\686257850000000012023a1d\image_03.jpg,E:\code\Project\Dataset\xiaohongshu_images\xiaohongshu_images\Gorpcore\686257850000000012023a1d\image_03.jpg
GRP-XHS-686257850000000012023a1d-04,686257850000000012023a1d,#Gorpcore,,2025盘点8个韩国户外品牌，最后一个帅麻了,2025盘点8个韩国户外品牌，最后一个帅麻了,search_title,2025-06-30,xiaohongshu_images\Gorpcore\686257850000000012023a1d\image_04.jpg,E:\code\Project\Dataset\xiaohongshu_images\xiaohongshu_images\Gorpcore\686257850000000012023a1d\image_04.jpg
GRP-XHS-686257850000000012023a1d-05,686257850000000012023a1d,#Gorpcore,,2025盘点8个韩国户外品牌，最后一个帅麻了,2025盘点8个韩国户外品牌，最后一个帅麻了,search_title,2025-06-30,xiaohongshu_images\Gorpcore\686257850000000012023a1d\image_05.jpg,E:\code\Project\Dataset\xiaohongshu_images\xiaohongshu_images\Gorpcore\686257850000000012023a1d\image_05.jpg
GRP-XHS-686257850000000012023a1d-06,686257850000000012023a1d,#Gorpcore,,2025盘点8个韩国户外品牌，最后一个帅麻了,2025盘点8个韩国户外品牌，最后一个帅麻了,search_title,2025-06-30,xiaohongshu_images\Gorpcore\686257850000000012023a1d\image_06.jpg,E:\code\Project\Dataset\xiaohongshu_images\xiaohongshu_images\Gorpcore\686257850000000012023a1d\image_06.jpg
GRP-XHS-686257850000000012023a1d-07,686257850000000012023a1d,#Gorpcore,,2025盘点8个韩国户外品牌，最后一个帅麻了,2025盘点8个韩国户外品牌，最后一个帅麻了,search_title,2025-06-30,xiaohongshu_images\Gorpcore\686257850000000012023a1d\image_07.jpg,E:\code\Project\Dataset\xiaohongshu_images\xiaohongshu_images\Gorpcore\686257850000000012023a1d\image_07.jpg
GRP-XHS-686257850000000012023a1d-08,686257850000000012023a1d,#Gorpcore,,2025盘点8个韩国户外品牌，最后一个帅麻了,2025盘点8个韩国户外品牌，最后一个帅麻了,search_title,2025-06-30,xiaohongshu_images\Gorpcore\686257850000000012023a1d\image_08.jpg,E:\code\Project\Dataset\xiaohongshu_images\xiaohongshu_images\Gorpcore\686257850000000012023a1d\image_08.jpg
GRP-XHS-686257850000000012023a1d-09,686257850000000012023a1d,#Gorpcore,,2025盘点8个韩国户外品牌，最后一个帅麻了,2025盘点8个韩国户外品牌，最后一个帅麻了,search_title,2025-06-30,xiaohongshu_images\Gorpcore\686257850000000012023a1d\image_09.jpg,E:\code\Project\Dataset\xiaohongshu_images\xiaohongshu_images\Gorpcore\686257850000000012023a1d\image_09.jpg
